{
  "intercept": -0.5460295880190413,
  "coefs": {
    "t_fwd_ratio": 7.492245,
    "t_fwd": -4.182649,
    "t_front": 4.036069,
    "ff_x_tfwd": -1.886666,
    "t_back": -1.739271,
    "entry_ff": 1.424481,
    "max_profit_ratio": 0.716782,
    "debit_ratio": -0.596453,
    "log_debit": 0.511189,
    "back_straddle": -0.443657,
    "log_back_straddle": -0.424555,
    "iv_proxy": -0.342965,
    "entry_debit": 0.306796,
    "entry_ff_pos": 0.304351,
    "quarter": -0.127769,
    "entry_ff_sq": 0.113383,
    "month_sin": -0.076028,
    "is_etf": 0.053588,
    "month_cos": -0.010422
  },
  "scaler_mean": {
    "entry_ff": 2.5968715546983465,
    "entry_ff_sq": 764.323314499096,
    "entry_ff_pos": 10.340693854697514,
    "entry_debit": 2.879636390466135,
    "log_debit": 1.0835288048941303,
    "back_straddle": 10.283017948739264,
    "log_back_straddle": 2.0275322619986125,
    "debit_ratio": 0.28045726681890293,
    "t_front": 28.8097716295194,
    "t_back": 55.836998179354374,
    "t_fwd": 27.027226549834978,
    "t_fwd_ratio": 0.48051569368108066,
    "max_profit_ratio": 3.4543267754623512,
    "iv_proxy": 0.12019634391458672,
    "ff_x_tfwd": 13.036958171935616,
    "month_sin": -0.04569074403555305,
    "month_cos": 0.033883611364095095,
    "quarter": 2.596440180568141,
    "is_etf": 0.08887078404150074
  },
  "scaler_std": {
    "entry_ff": 27.52416343192822,
    "entry_ff_sq": 3001.72307205228,
    "entry_ff_pos": 21.902636193726696,
    "entry_debit": 4.570216585923975,
    "log_debit": 0.6397342855359517,
    "back_straddle": 16.22112176213881,
    "log_back_straddle": 0.792839859534931,
    "debit_ratio": 0.08327133033883657,
    "t_front": 2.9834691525663044,
    "t_back": 6.114446765311267,
    "t_fwd": 5.421485178671507,
    "t_fwd_ratio": 0.05749418200991853,
    "max_profit_ratio": 2.166201014727535,
    "iv_proxy": 0.04468528005554621,
    "ff_x_tfwd": 140.83500336628748,
    "month_sin": 0.7028519598952577,
    "month_cos": 0.709058093009169,
    "quarter": 1.1255347466707688,
    "is_etf": 0.28455714326888665
  }
}