{
  "intercept": -0.5378052414397603,
  "coefs": {
    "t_fwd_ratio": 7.533388,
    "t_fwd": -4.176726,
    "t_front": 4.027454,
    "ff_x_tfwd": -1.991158,
    "t_back": -1.738224,
    "entry_ff": 1.430553,
    "entry_debit": 0.649702,
    "debit_ratio": -0.620623,
    "max_profit_ratio": 0.598743,
    "back_straddle": -0.596296,
    "log_debit": -0.445072,
    "entry_ff_pos": 0.382589,
    "log_back_straddle": 0.343931,
    "iv_proxy": -0.341007,
    "quarter": -0.131059,
    "entry_ff_sq": 0.125476,
    "month_sin": -0.079887,
    "is_etf": 0.055264,
    "month_cos": -0.008289
  },
  "scaler_mean": {
    "entry_ff": 2.5968715546983465,
    "entry_ff_sq": 764.323314499096,
    "entry_ff_pos": 10.340693854697514,
    "entry_debit": 5.510789362108957,
    "log_debit": 1.543092134096975,
    "back_straddle": 19.843645489537522,
    "log_back_straddle": 2.6267759601588514,
    "debit_ratio": 0.28045726681890293,
    "t_front": 28.8097716295194,
    "t_back": 55.836998179354374,
    "t_fwd": 27.027226549834978,
    "t_fwd_ratio": 0.48051569368108066,
    "max_profit_ratio": 1.7508106499373617,
    "iv_proxy": 0.24039060466271056,
    "ff_x_tfwd": 13.036958171935616,
    "month_sin": -0.04569074403555305,
    "month_cos": 0.033883611364095095,
    "quarter": 2.596440180568141,
    "is_etf": 0.08887078404150074
  },
  "scaler_std": {
    "entry_ff": 27.52416343192822,
    "entry_ff_sq": 3001.72307205228,
    "entry_ff_pos": 21.902636193726696,
    "entry_debit": 7.2148441884006385,
    "log_debit": 0.7429816815878328,
    "back_straddle": 26.293835467544802,
    "log_back_straddle": 0.8403016737398875,
    "debit_ratio": 0.08327133033883657,
    "t_front": 2.9834691525663044,
    "t_back": 6.114446765311267,
    "t_fwd": 5.421485178671507,
    "t_fwd_ratio": 0.05749418200991853,
    "max_profit_ratio": 1.3238202319724597,
    "iv_proxy": 0.08932661364334812,
    "ff_x_tfwd": 140.83500336628748,
    "month_sin": 0.7028519598952577,
    "month_cos": 0.709058093009169,
    "quarter": 1.1255347466707688,
    "is_etf": 0.28455714326888665
  }
}